{
	code: "packeddirtpathtrans",
	creativeinventory: { "general": ["*"], "construction": ["*"], "terrain": ["*"] },
	shape: { base: "block/basic/cube-lowered-{cover}" },
	variantgroups: [ { code: "cover", states: ["free", "snow"] } ],
	behaviorsByType: {
		"*-snow": [{name: "JumpRestriction"}, {name: "UnstableFalling", properties: { fallSound: "effect/rockslide", fallSideways: "true", dustIntensity: 0.2}}, {name: "BreakSnowFirst"}],
		"*-free": [{name: "JumpRestriction"}, {name: "UnstableFalling", properties: { fallSound: "effect/rockslide", fallSideways: "true", dustIntensity: 0.2}} ]
	},
	blockmaterial: "Soil",
	textures: {
		sides: { 
			base: "block/soil/flooring/drypackeddirt1a",
			alternates: [{base: "block/soil/flooring/drypackeddirt1b" }, {base: "block/soil/flooring/drypackeddirt1c" }, {base: "block/soil/flooring/drypackeddirt1d" } ],
		},
	},
	attributes: {
		allowUnstablePlacement: false,
		preventsDecay: true
	},
	replaceable: 400,
	walkspeedmultiplier: 1.2,
	faceCullMode: "FlushExceptTop",
	resistanceByType: {
		"*-snow": 0.2,
		"*-free": 2.4
	},
	collisionbox: { x1:0, y1: 0, z1: 0, z2: 1, y2: 0.9375, z2: 1 },
	selectionbox: { x1:0, y1: 0, z1: 0, z2: 1, y2: 0.9375, z2: 1 },
	sounds: {
		place: "block/dirt",
		break: "block/dirt",
		hit: "block/dirt",
		walk: "walk/grass"
	},
	drops: [ {
		type: "block",
		code: "soil-verylow-none",
		quantity: { avg: 1, var: 0 }
	} ],
	sideopaque: {
		all: false, 
		down: true
	},
	sidesolid: {
		up: false,
		all: true
	},
	heldTpIdleAnimation: "holdbothhandslarge", heldTpUseAnimation: "twohandplaceblock",
	tpHandTransform: {
		translation: { x: -1.23, y: -0.91, z: -0.8 },
		rotation: { x: -2, y: 25, z: -78 },
		scale: 0.4
	}
}