[
  {
    "op": "replace",
    "path": "/class",
    "value": "ItemHoeEDIT",
    "file": "game:itemtypes/tool/hoe.json"
  },
  {
    "op": "add",
    "path": "/miningspeedbytype/@hoe-(granite|andesite|basalt|peridotite)/plant",
    "value": 0,
    "file": "game:itemtypes/tool/hoe.json"
  },
  {
    "op": "add",
    "path": "/miningspeedbytype/hoe-bismuthbronze/plant",
    "value": 1.5,
    "file": "game:itemtypes/tool/hoe.json"
  },
  {
    "op": "add",
    "path": "/miningspeedbytype/hoe-blackbronze/plant",
    "value": 2.2,
    "file": "game:itemtypes/tool/hoe.json"
  },
  {
    "op": "add",
    "path": "/miningspeedbytype/hoe-copper/plant",
    "value": 1,
    "file": "game:itemtypes/tool/hoe.json"
  },
  {
    "op": "replace",
    "path": "/miningspeedbytype/hoe-copper/soil",
    "value": 3,
    "file": "game:itemtypes/tool/hoe.json"
  },
  {
    "op": "add",
    "path": "/miningspeedbytype/hoe-flint/plant",
    "value": 0,
    "file": "game:itemtypes/tool/hoe.json"
  },
  {
    "op": "add",
    "path": "/miningspeedbytype/hoe-gold/plant",
    "value": 1.3,
    "file": "game:itemtypes/tool/hoe.json"
  },
  {
    "op": "add",
    "path": "/miningspeedbytype/hoe-iron/plant",
    "value": 2.5,
    "file": "game:itemtypes/tool/hoe.json"
  },
  {
    "op": "add",
    "path": "/miningspeedbytype/hoe-meteoriciron/plant",
    "value": 2.75,
    "file": "game:itemtypes/tool/hoe.json"
  },
  {
    "op": "add",
    "path": "/miningspeedbytype/hoe-obsidian/plant",
    "value": 0,
    "file": "game:itemtypes/tool/hoe.json"
  },
  {
    "op": "add",
    "path": "/miningspeedbytype/hoe-silver/plant",
    "value": 1.5,
    "file": "game:itemtypes/tool/hoe.json"
  },
  {
    "op": "add",
    "path": "/miningspeedbytype/hoe-steel/plant",
    "value": 5,
    "file": "game:itemtypes/tool/hoe.json"
  },
  {
    "op": "replace",
    "path": "/miningspeedbytype/hoe-steel/soil",
    "value": 5,
    "file": "game:itemtypes/tool/hoe.json"
  },
  {
    "op": "add",
    "path": "/miningspeedbytype/hoe-tinbronze/plant",
    "value": 2,
    "file": "game:itemtypes/tool/hoe.json"
  }
]